{"train/clip_range":0.2,"train/std":0.06761382,"train/loss":8.533572,"time/fps":1065,"train/value_loss":16.772736,"train/entropy_loss":3.8207557,"train/clip_fraction":0.2775879,"global_step":4100096,"train/explained_variance":0.20926487,"_step":64815,"_runtime":3250.9996969,"_wandb":{"runtime":3250},"train/policy_gradient_loss":0.006169376,"train/learning_rate":0.0001,"rollout/ep_rew_mean":15.940224,"_timestamp":1.7374649128524013e+09,"train/approx_kl":0.021704264,"rollout/ep_len_mean":379.42}