{"rollout/ep_len_mean":1001,"_runtime":12.0539704,"_step":15,"rollout/ep_rew_mean":-222.50462,"train/value_loss":0.5309841,"train/approx_kl":0.002716539,"time/fps":1586,"train/policy_gradient_loss":-0.0011566659,"train/clip_range":0.2,"_wandb":{"runtime":12},"train/std":1.0045259,"train/loss":0.093107894,"_timestamp":1.7374615920143597e+09,"global_step":8192,"train/explained_variance":0.021524131,"train/clip_fraction":0.002416992,"train/entropy_loss":-4.2641845,"train/learning_rate":0.0001}