{"train/loss":0.9830383,"train/approx_kl":0.010873144,"time/fps":1270,"train/entropy_loss":3.0434709,"train/clip_range":0.2,"train/explained_variance":0.98670155,"global_step":6242304,"train/policy_gradient_loss":0.0050848895,"_timestamp":1.7374698570899217e+09,"_step":138194,"train/clip_fraction":0.18425293,"train/learning_rate":0.0001,"rollout/ep_len_mean":983.24,"_wandb":{"runtime":4774},"train/value_loss":4.2274213,"rollout/ep_rew_mean":-18.771925,"train/std":0.08811921,"_runtime":4774.4054848}