{"train/clip_fraction":0.18232422,"train/value_loss":0.00037876918,"rollout/ep_rew_mean":-2.2341676,"train/explained_variance":0.9627706,"global_step":9158656,"train/std":0.048121214,"train/approx_kl":0.016846236,"_timestamp":1.7373841848121872e+09,"train/clip_range":0.2,"train/learning_rate":0.0001,"rollout/ep_len_mean":1001,"time/fps":986,"_runtime":7794.7940484,"train/entropy_loss":4.948593,"train/policy_gradient_loss":0.0073630502,"_wandb":{"runtime":7794},"train/loss":0.011877982,"_step":289680}